id,name,username,email,company,city
1,Leanne Graham,Bret,sincere@april.biz,Romaguera-Crona,Gwenborough
2,Ervin Howell,Antonette,shanna@melissa.tv,Deckow-Crist,Wisokyburgh
3,Clementine Bauch,Samantha,nathan@yesenia.net,Romaguera-Jacobson,McKenziehaven
4,Patricia Lebsack,Karianne,julianne.oconner@kory.org,Robel-Corkery,South Elvis
5,Chelsey Dietrich,Kamren,lucio_hettinger@annie.ca,Keebler LLC,Roscoeview
6,Mrs. Dennis Schulist,Leopoldo_Corkery,karley_dach@jasper.info,Considine-Lockman,South Christy
7,Kurtis Weissnat,Elwyn.Skiles,telly.hoeger@billy.biz,Johns Group,Howemouth
8,Nicholas Runolfsdottir V,Maxime_Nienow,sherwood@rosamond.me,Abernathy Group,Aliyaview
9,Glenna Reichert,Delphine,chaim_mcdermott@dana.io,Yost and Sons,Bartholomebury
10,Clementina DuBuque,Moriah.Stanton,rey.padberg@karina.biz,Hoeger LLC,Lebsackbury
